<annotation>
	<folder>khanh_vy</folder>
	<filename>077cbc55f2.jpg</filename>
	<path>/Users/admin/Desktop/images/khanh_vy/077cbc55f2.jpg</path>
	<source>
		<database>Unknown</database>
	</source>
	<size>
		<width>3000</width>
		<height>2000</height>
		<depth>3</depth>
	</size>
	<segmented>0</segmented>
	<object>
		<name>karik</name>
		<pose>Unspecified</pose>
		<truncated>0</truncated>
		<difficult>0</difficult>
		<bndbox>
			<xmin>940</xmin>
			<ymin>51</ymin>
			<xmax>1671</xmax>
			<ymax>717</ymax>
		</bndbox>
	</object>
</annotation>
