<annotation>
	<folder>khanh_vy</folder>
	<filename>0bde574a56.jpg</filename>
	<path>/Users/admin/Desktop/images/khanh_vy/0bde574a56.jpg</path>
	<source>
		<database>Unknown</database>
	</source>
	<size>
		<width>960</width>
		<height>960</height>
		<depth>3</depth>
	</size>
	<segmented>0</segmented>
	<object>
		<name>karik</name>
		<pose>Unspecified</pose>
		<truncated>0</truncated>
		<difficult>0</difficult>
		<bndbox>
			<xmin>263</xmin>
			<ymin>45</ymin>
			<xmax>718</xmax>
			<ymax>605</ymax>
		</bndbox>
	</object>
</annotation>
