<annotation>
	<folder>khanh_vy</folder>
	<filename>100c413dcc.jpg</filename>
	<path>/Users/admin/Desktop/images/khanh_vy/100c413dcc.jpg</path>
	<source>
		<database>Unknown</database>
	</source>
	<size>
		<width>500</width>
		<height>500</height>
		<depth>3</depth>
	</size>
	<segmented>0</segmented>
	<object>
		<name>karik</name>
		<pose>Unspecified</pose>
		<truncated>0</truncated>
		<difficult>0</difficult>
		<bndbox>
			<xmin>193</xmin>
			<ymin>45</ymin>
			<xmax>313</xmax>
			<ymax>175</ymax>
		</bndbox>
	</object>
</annotation>
