<annotation>
	<folder>khanh_vy</folder>
	<filename>4d75906056.jpg</filename>
	<path>/Users/admin/Desktop/images/khanh_vy/4d75906056.jpg</path>
	<source>
		<database>Unknown</database>
	</source>
	<size>
		<width>640</width>
		<height>576</height>
		<depth>3</depth>
	</size>
	<segmented>0</segmented>
	<object>
		<name>karik</name>
		<pose>Unspecified</pose>
		<truncated>0</truncated>
		<difficult>0</difficult>
		<bndbox>
			<xmin>157</xmin>
			<ymin>58</ymin>
			<xmax>347</xmax>
			<ymax>222</ymax>
		</bndbox>
	</object>
</annotation>
