<annotation>
	<folder>khanh_vy</folder>
	<filename>7c177f765e.jpg</filename>
	<path>/Users/admin/Desktop/images/khanh_vy/7c177f765e.jpg</path>
	<source>
		<database>Unknown</database>
	</source>
	<size>
		<width>660</width>
		<height>443</height>
		<depth>3</depth>
	</size>
	<segmented>0</segmented>
	<object>
		<name>karik</name>
		<pose>Unspecified</pose>
		<truncated>0</truncated>
		<difficult>0</difficult>
		<bndbox>
			<xmin>224</xmin>
			<ymin>28</ymin>
			<xmax>509</xmax>
			<ymax>285</ymax>
		</bndbox>
	</object>
</annotation>
