<annotation>
	<folder>khanh_vy</folder>
	<filename>88a5bf1050.jpg</filename>
	<path>/Users/admin/Desktop/images/khanh_vy/88a5bf1050.jpg</path>
	<source>
		<database>Unknown</database>
	</source>
	<size>
		<width>1364</width>
		<height>2048</height>
		<depth>3</depth>
	</size>
	<segmented>0</segmented>
	<object>
		<name>karik</name>
		<pose>Unspecified</pose>
		<truncated>0</truncated>
		<difficult>0</difficult>
		<bndbox>
			<xmin>401</xmin>
			<ymin>194</ymin>
			<xmax>861</xmax>
			<ymax>763</ymax>
		</bndbox>
	</object>
</annotation>
