<annotation>
	<folder>khanh_vy</folder>
	<filename>958ddb519f.jpg</filename>
	<path>/Users/admin/Desktop/images/khanh_vy/958ddb519f.jpg</path>
	<source>
		<database>Unknown</database>
	</source>
	<size>
		<width>900</width>
		<height>900</height>
		<depth>3</depth>
	</size>
	<segmented>0</segmented>
	<object>
		<name>karik</name>
		<pose>Unspecified</pose>
		<truncated>0</truncated>
		<difficult>0</difficult>
		<bndbox>
			<xmin>222</xmin>
			<ymin>42</ymin>
			<xmax>705</xmax>
			<ymax>624</ymax>
		</bndbox>
	</object>
</annotation>
