<annotation>
	<folder>thieu_bao_tram</folder>
	<filename>11dc995d4d.jpg</filename>
	<path>/Users/admin/Desktop/images/thieu_bao_tram/11dc995d4d.jpg</path>
	<source>
		<database>Unknown</database>
	</source>
	<size>
		<width>600</width>
		<height>401</height>
		<depth>3</depth>
	</size>
	<segmented>0</segmented>
	<object>
		<name>karik</name>
		<pose>Unspecified</pose>
		<truncated>0</truncated>
		<difficult>0</difficult>
		<bndbox>
			<xmin>233</xmin>
			<ymin>14</ymin>
			<xmax>470</xmax>
			<ymax>192</ymax>
		</bndbox>
	</object>
</annotation>
