<annotation>
	<folder>thieu_bao_tram</folder>
	<filename>4781607c74.jpg</filename>
	<path>/Users/admin/Desktop/images/thieu_bao_tram/4781607c74.jpg</path>
	<source>
		<database>Unknown</database>
	</source>
	<size>
		<width>800</width>
		<height>500</height>
		<depth>3</depth>
	</size>
	<segmented>0</segmented>
	<object>
		<name>karik</name>
		<pose>Unspecified</pose>
		<truncated>0</truncated>
		<difficult>0</difficult>
		<bndbox>
			<xmin>94</xmin>
			<ymin>34</ymin>
			<xmax>249</xmax>
			<ymax>187</ymax>
		</bndbox>
	</object>
</annotation>
