<annotation>
	<folder>thieu_bao_tram</folder>
	<filename>5e4f7cb1a0.jpg</filename>
	<path>/Users/admin/Desktop/images/thieu_bao_tram/5e4f7cb1a0.jpg</path>
	<source>
		<database>Unknown</database>
	</source>
	<size>
		<width>800</width>
		<height>500</height>
		<depth>3</depth>
	</size>
	<segmented>0</segmented>
	<object>
		<name>karik</name>
		<pose>Unspecified</pose>
		<truncated>0</truncated>
		<difficult>0</difficult>
		<bndbox>
			<xmin>493</xmin>
			<ymin>12</ymin>
			<xmax>715</xmax>
			<ymax>220</ymax>
		</bndbox>
	</object>
</annotation>
