<annotation>
	<folder>thieu_bao_tram</folder>
	<filename>7bad25a2fd.jpg</filename>
	<path>/Users/admin/Desktop/images/thieu_bao_tram/7bad25a2fd.jpg</path>
	<source>
		<database>Unknown</database>
	</source>
	<size>
		<width>660</width>
		<height>410</height>
		<depth>3</depth>
	</size>
	<segmented>0</segmented>
	<object>
		<name>karik</name>
		<pose>Unspecified</pose>
		<truncated>0</truncated>
		<difficult>0</difficult>
		<bndbox>
			<xmin>109</xmin>
			<ymin>14</ymin>
			<xmax>232</xmax>
			<ymax>136</ymax>
		</bndbox>
	</object>
</annotation>
