<annotation>
	<folder>thieu_bao_tram</folder>
	<filename>abd54af7af.jpg</filename>
	<path>/Users/admin/Desktop/images/thieu_bao_tram/abd54af7af.jpg</path>
	<source>
		<database>Unknown</database>
	</source>
	<size>
		<width>1620</width>
		<height>1020</height>
		<depth>3</depth>
	</size>
	<segmented>0</segmented>
	<object>
		<name>karik</name>
		<pose>Unspecified</pose>
		<truncated>0</truncated>
		<difficult>0</difficult>
		<bndbox>
			<xmin>323</xmin>
			<ymin>105</ymin>
			<xmax>662</xmax>
			<ymax>540</ymax>
		</bndbox>
	</object>
</annotation>
