<annotation>
	<folder>son_tung</folder>
	<filename>2f9e83f370.jpg</filename>
	<path>/Users/admin/Desktop/images/son_tung/2f9e83f370.jpg</path>
	<source>
		<database>Unknown</database>
	</source>
	<size>
		<width>660</width>
		<height>990</height>
		<depth>3</depth>
	</size>
	<segmented>0</segmented>
	<object>
		<name>karik</name>
		<pose>Unspecified</pose>
		<truncated>0</truncated>
		<difficult>0</difficult>
		<bndbox>
			<xmin>254</xmin>
			<ymin>24</ymin>
			<xmax>508</xmax>
			<ymax>349</ymax>
		</bndbox>
	</object>
</annotation>
