<annotation>
	<folder>son_tung</folder>
	<filename>32f7a71b66.jpg</filename>
	<path>/Users/admin/Desktop/images/son_tung/32f7a71b66.jpg</path>
	<source>
		<database>Unknown</database>
	</source>
	<size>
		<width>1000</width>
		<height>1333</height>
		<depth>3</depth>
	</size>
	<segmented>0</segmented>
	<object>
		<name>karik</name>
		<pose>Unspecified</pose>
		<truncated>0</truncated>
		<difficult>0</difficult>
		<bndbox>
			<xmin>301</xmin>
			<ymin>87</ymin>
			<xmax>807</xmax>
			<ymax>689</ymax>
		</bndbox>
	</object>
</annotation>
