<annotation>
	<folder>son_tung</folder>
	<filename>536f2a2ba7.jpg</filename>
	<path>/Users/admin/Desktop/images/son_tung/536f2a2ba7.jpg</path>
	<source>
		<database>Unknown</database>
	</source>
	<size>
		<width>1500</width>
		<height>2027</height>
		<depth>3</depth>
	</size>
	<segmented>0</segmented>
	<object>
		<name>karik</name>
		<pose>Unspecified</pose>
		<truncated>0</truncated>
		<difficult>0</difficult>
		<bndbox>
			<xmin>524</xmin>
			<ymin>326</ymin>
			<xmax>1196</xmax>
			<ymax>1051</ymax>
		</bndbox>
	</object>
</annotation>
