<annotation>
	<folder>son_tung</folder>
	<filename>65dbb3a8b0.jpg</filename>
	<path>/Users/admin/Desktop/images/son_tung/65dbb3a8b0.jpg</path>
	<source>
		<database>Unknown</database>
	</source>
	<size>
		<width>900</width>
		<height>900</height>
		<depth>3</depth>
	</size>
	<segmented>0</segmented>
	<object>
		<name>karik</name>
		<pose>Unspecified</pose>
		<truncated>0</truncated>
		<difficult>0</difficult>
		<bndbox>
			<xmin>300</xmin>
			<ymin>165</ymin>
			<xmax>636</xmax>
			<ymax>555</ymax>
		</bndbox>
	</object>
</annotation>
