<annotation>
	<folder>son_tung</folder>
	<filename>789d6f5d14.jpg</filename>
	<path>/Users/admin/Desktop/images/son_tung/789d6f5d14.jpg</path>
	<source>
		<database>Unknown</database>
	</source>
	<size>
		<width>960</width>
		<height>960</height>
		<depth>3</depth>
	</size>
	<segmented>0</segmented>
	<object>
		<name>karik</name>
		<pose>Unspecified</pose>
		<truncated>0</truncated>
		<difficult>0</difficult>
		<bndbox>
			<xmin>333</xmin>
			<ymin>28</ymin>
			<xmax>637</xmax>
			<ymax>338</ymax>
		</bndbox>
	</object>
</annotation>
