<annotation>
	<folder>son_tung</folder>
	<filename>ba1f3add7f.jpg</filename>
	<path>/Users/admin/Desktop/images/son_tung/ba1f3add7f.jpg</path>
	<source>
		<database>Unknown</database>
	</source>
	<size>
		<width>720</width>
		<height>405</height>
		<depth>3</depth>
	</size>
	<segmented>0</segmented>
	<object>
		<name>karik</name>
		<pose>Unspecified</pose>
		<truncated>0</truncated>
		<difficult>0</difficult>
		<bndbox>
			<xmin>235</xmin>
			<ymin>30</ymin>
			<xmax>472</xmax>
			<ymax>247</ymax>
		</bndbox>
	</object>
</annotation>
