<annotation>
	<folder>karik_rap_viet</folder>
	<filename>18f8d75dd7.jpg</filename>
	<path>/Users/admin/Desktop/images/karik_rap_viet/18f8d75dd7.jpg</path>
	<source>
		<database>Unknown</database>
	</source>
	<size>
		<width>1280</width>
		<height>720</height>
		<depth>3</depth>
	</size>
	<segmented>0</segmented>
	<object>
		<name>karik</name>
		<pose>Unspecified</pose>
		<truncated>0</truncated>
		<difficult>0</difficult>
		<bndbox>
			<xmin>579</xmin>
			<ymin>113</ymin>
			<xmax>772</xmax>
			<ymax>335</ymax>
		</bndbox>
	</object>
</annotation>
