<annotation>
	<folder>karik_rap_viet</folder>
	<filename>53652abe4b.jpg</filename>
	<path>/Users/admin/Desktop/images/karik_rap_viet/53652abe4b.jpg</path>
	<source>
		<database>Unknown</database>
	</source>
	<size>
		<width>600</width>
		<height>315</height>
		<depth>3</depth>
	</size>
	<segmented>0</segmented>
	<object>
		<name>karik</name>
		<pose>Unspecified</pose>
		<truncated>0</truncated>
		<difficult>0</difficult>
		<bndbox>
			<xmin>382</xmin>
			<ymin>8</ymin>
			<xmax>521</xmax>
			<ymax>153</ymax>
		</bndbox>
	</object>
</annotation>
