<annotation>
	<folder>karik_rap_viet</folder>
	<filename>7e033e8804.jpg</filename>
	<path>/Users/admin/Desktop/images/karik_rap_viet/7e033e8804.jpg</path>
	<source>
		<database>Unknown</database>
	</source>
	<size>
		<width>1200</width>
		<height>1800</height>
		<depth>3</depth>
	</size>
	<segmented>0</segmented>
	<object>
		<name>karik</name>
		<pose>Unspecified</pose>
		<truncated>0</truncated>
		<difficult>0</difficult>
		<bndbox>
			<xmin>398</xmin>
			<ymin>417</ymin>
			<xmax>706</xmax>
			<ymax>769</ymax>
		</bndbox>
	</object>
</annotation>
