<annotation>
	<folder>karik_rap_viet</folder>
	<filename>8eab5f5cd1.jpg</filename>
	<path>/Users/admin/Desktop/images/karik_rap_viet/8eab5f5cd1.jpg</path>
	<source>
		<database>Unknown</database>
	</source>
	<size>
		<width>660</width>
		<height>447</height>
		<depth>3</depth>
	</size>
	<segmented>0</segmented>
	<object>
		<name>karik</name>
		<pose>Unspecified</pose>
		<truncated>0</truncated>
		<difficult>0</difficult>
		<bndbox>
			<xmin>401</xmin>
			<ymin>97</ymin>
			<xmax>509</xmax>
			<ymax>213</ymax>
		</bndbox>
	</object>
</annotation>
