<annotation>
	<folder>karik_rap_viet</folder>
	<filename>91c16fae78.jpg</filename>
	<path>/Users/admin/Desktop/images/karik_rap_viet/91c16fae78.jpg</path>
	<source>
		<database>Unknown</database>
	</source>
	<size>
		<width>660</width>
		<height>473</height>
		<depth>3</depth>
	</size>
	<segmented>0</segmented>
	<object>
		<name>karik</name>
		<pose>Unspecified</pose>
		<truncated>0</truncated>
		<difficult>0</difficult>
		<bndbox>
			<xmin>332</xmin>
			<ymin>56</ymin>
			<xmax>451</xmax>
			<ymax>220</ymax>
		</bndbox>
	</object>
</annotation>
