<annotation>
	<folder>karik_rap_viet</folder>
	<filename>e63ad24d1c.jpg</filename>
	<path>/Users/admin/Desktop/images/karik_rap_viet/e63ad24d1c.jpg</path>
	<source>
		<database>Unknown</database>
	</source>
	<size>
		<width>414</width>
		<height>276</height>
		<depth>3</depth>
	</size>
	<segmented>0</segmented>
	<object>
		<name>karik</name>
		<pose>Unspecified</pose>
		<truncated>0</truncated>
		<difficult>0</difficult>
		<bndbox>
			<xmin>170</xmin>
			<ymin>25</ymin>
			<xmax>220</xmax>
			<ymax>78</ymax>
		</bndbox>
	</object>
</annotation>
