<annotation>
	<folder>karik_rap_viet</folder>
	<filename>fa64923db6.jpg</filename>
	<path>/Users/admin/Desktop/images/karik_rap_viet/fa64923db6.jpg</path>
	<source>
		<database>Unknown</database>
	</source>
	<size>
		<width>660</width>
		<height>454</height>
		<depth>3</depth>
	</size>
	<segmented>0</segmented>
	<object>
		<name>karik</name>
		<pose>Unspecified</pose>
		<truncated>0</truncated>
		<difficult>0</difficult>
		<bndbox>
			<xmin>263</xmin>
			<ymin>43</ymin>
			<xmax>382</xmax>
			<ymax>184</ymax>
		</bndbox>
	</object>
</annotation>
