<annotation>
	<folder>suboi_rap_viet</folder>
	<filename>082f437be0.jpg</filename>
	<path>/Users/admin/Desktop/images/suboi_rap_viet/082f437be0.jpg</path>
	<source>
		<database>Unknown</database>
	</source>
	<size>
		<width>1024</width>
		<height>1535</height>
		<depth>3</depth>
	</size>
	<segmented>0</segmented>
	<object>
		<name>karik</name>
		<pose>Unspecified</pose>
		<truncated>0</truncated>
		<difficult>0</difficult>
		<bndbox>
			<xmin>338</xmin>
			<ymin>101</ymin>
			<xmax>768</xmax>
			<ymax>589</ymax>
		</bndbox>
	</object>
</annotation>
