<annotation>
	<folder>suboi_rap_viet</folder>
	<filename>5231b91aec.jpg</filename>
	<path>/Users/admin/Desktop/images/suboi_rap_viet/5231b91aec.jpg</path>
	<source>
		<database>Unknown</database>
	</source>
	<size>
		<width>1000</width>
		<height>1500</height>
		<depth>3</depth>
	</size>
	<segmented>0</segmented>
	<object>
		<name>karik</name>
		<pose>Unspecified</pose>
		<truncated>0</truncated>
		<difficult>0</difficult>
		<bndbox>
			<xmin>321</xmin>
			<ymin>80</ymin>
			<xmax>605</xmax>
			<ymax>457</ymax>
		</bndbox>
	</object>
</annotation>
