<annotation>
	<folder>suboi_rap_viet</folder>
	<filename>698b153ed6.jpg</filename>
	<path>/Users/admin/Desktop/images/suboi_rap_viet/698b153ed6.jpg</path>
	<source>
		<database>Unknown</database>
	</source>
	<size>
		<width>341</width>
		<height>512</height>
		<depth>3</depth>
	</size>
	<segmented>0</segmented>
	<object>
		<name>karik</name>
		<pose>Unspecified</pose>
		<truncated>0</truncated>
		<difficult>0</difficult>
		<bndbox>
			<xmin>63</xmin>
			<ymin>132</ymin>
			<xmax>184</xmax>
			<ymax>252</ymax>
		</bndbox>
	</object>
</annotation>
