<annotation>
	<folder>suboi_rap_viet</folder>
	<filename>a00fe919bd.jpg</filename>
	<path>/Users/admin/Desktop/images/suboi_rap_viet/a00fe919bd.jpg</path>
	<source>
		<database>Unknown</database>
	</source>
	<size>
		<width>665</width>
		<height>998</height>
		<depth>3</depth>
	</size>
	<segmented>0</segmented>
	<object>
		<name>karik</name>
		<pose>Unspecified</pose>
		<truncated>0</truncated>
		<difficult>0</difficult>
		<bndbox>
			<xmin>258</xmin>
			<ymin>202</ymin>
			<xmax>403</xmax>
			<ymax>368</ymax>
		</bndbox>
	</object>
</annotation>
