<annotation>
	<folder>suboi_rap_viet</folder>
	<filename>bd8df68197.jpg</filename>
	<path>/Users/admin/Desktop/images/suboi_rap_viet/bd8df68197.jpg</path>
	<source>
		<database>Unknown</database>
	</source>
	<size>
		<width>660</width>
		<height>990</height>
		<depth>3</depth>
	</size>
	<segmented>0</segmented>
	<object>
		<name>karik</name>
		<pose>Unspecified</pose>
		<truncated>0</truncated>
		<difficult>0</difficult>
		<bndbox>
			<xmin>172</xmin>
			<ymin>19</ymin>
			<xmax>428</xmax>
			<ymax>288</ymax>
		</bndbox>
	</object>
</annotation>
