<annotation>
	<folder>suboi_rap_viet</folder>
	<filename>dcc2c5d68b.jpg</filename>
	<path>/Users/admin/Desktop/images/suboi_rap_viet/dcc2c5d68b.jpg</path>
	<source>
		<database>Unknown</database>
	</source>
	<size>
		<width>439</width>
		<height>668</height>
		<depth>3</depth>
	</size>
	<segmented>0</segmented>
	<object>
		<name>karik</name>
		<pose>Unspecified</pose>
		<truncated>0</truncated>
		<difficult>0</difficult>
		<bndbox>
			<xmin>99</xmin>
			<ymin>30</ymin>
			<xmax>283</xmax>
			<ymax>250</ymax>
		</bndbox>
	</object>
</annotation>
