<annotation>
	<folder>suboi_rap_viet</folder>
	<filename>f10346c296.jpg</filename>
	<path>/Users/admin/Desktop/images/suboi_rap_viet/f10346c296.jpg</path>
	<source>
		<database>Unknown</database>
	</source>
	<size>
		<width>750</width>
		<height>918</height>
		<depth>3</depth>
	</size>
	<segmented>0</segmented>
	<object>
		<name>karik</name>
		<pose>Unspecified</pose>
		<truncated>0</truncated>
		<difficult>0</difficult>
		<bndbox>
			<xmin>250</xmin>
			<ymin>64</ymin>
			<xmax>482</xmax>
			<ymax>319</ymax>
		</bndbox>
	</object>
</annotation>
